{
    "Ar36": {
        "error": 0.00025028572123018646, 
        "filter_outliers_dict": {
            "filter_outliers": true, 
            "iterations": 2, 
            "std_devs": 2
        }, 
        "fit": "Parabolic", 
        "value": 0.00785691287324376
    }, 
    "Ar37": {
        "error": 0.013119590122602871, 
        "filter_outliers_dict": {
            "filter_outliers": true, 
            "iterations": 2, 
            "std_devs": 2
        }, 
        "fit": "linear", 
        "value": 4.3372587304541455
    }, 
    "Ar38": {
        "error": 0.013185366080473722, 
        "filter_outliers_dict": {
            "filter_outliers": true, 
            "iterations": 2, 
            "std_devs": 2
        }, 
        "fit": "linear", 
        "value": -0.08299776260498565
    }, 
    "Ar39": {
        "error": 0.022864625749020696, 
        "filter_outliers_dict": {
            "filter_outliers": true, 
            "iterations": 2, 
            "std_devs": 2
        }, 
        "fit": "Parabolic", 
        "value": 4.91618428958203
    }, 
    "Ar40": {
        "error": 0.02309843333454528, 
        "filter_outliers_dict": {
            "filter_outliers": true, 
            "iterations": 2, 
            "std_devs": 2
        }, 
        "fit": "Parabolic", 
        "value": 45.75311839556032
    }
}