{
    "Ar36": {
        "error": 0.0004924302029489118, 
        "filter_outliers_dict": {
            "filter_outliers": true, 
            "iterations": 2, 
            "std_devs": 2
        }, 
        "fit": "Parabolic", 
        "value": 0.039638905991237275
    }, 
    "Ar37": {
        "error": 0.013403446245456455, 
        "filter_outliers_dict": {
            "filter_outliers": true, 
            "iterations": 2, 
            "std_devs": 2
        }, 
        "fit": "linear", 
        "value": 28.24048681974498
    }, 
    "Ar38": {
        "error": 0.013073483612027962, 
        "filter_outliers_dict": {
            "filter_outliers": true, 
            "iterations": 2, 
            "std_devs": 2
        }, 
        "fit": "linear", 
        "value": 0.3426157172748608
    }, 
    "Ar39": {
        "error": 0.02660582674280902, 
        "filter_outliers_dict": {
            "filter_outliers": true, 
            "iterations": 2, 
            "std_devs": 2
        }, 
        "fit": "Parabolic", 
        "value": 33.78150195533249
    }, 
    "Ar40": {
        "error": 0.04071226932776971, 
        "filter_outliers_dict": {
            "filter_outliers": true, 
            "iterations": 2, 
            "std_devs": 2
        }, 
        "fit": "Parabolic", 
        "value": 320.13059631533406
    }
}