{
    "Ar36": {
        "error": 0.00033380602035476927, 
        "filter_outliers_dict": {
            "filter_outliers": true, 
            "iterations": 2, 
            "std_devs": 2
        }, 
        "fit": "Parabolic", 
        "value": 0.013336909953485434
    }, 
    "Ar37": {
        "error": 0.012106172491591363, 
        "filter_outliers_dict": {
            "filter_outliers": true, 
            "iterations": 2, 
            "std_devs": 2
        }, 
        "fit": "linear", 
        "value": 5.846082573873209
    }, 
    "Ar38": {
        "error": 0.012816437818547553, 
        "filter_outliers_dict": {
            "filter_outliers": true, 
            "iterations": 2, 
            "std_devs": 2
        }, 
        "fit": "linear", 
        "value": -0.05689183891369114
    }, 
    "Ar39": {
        "error": 0.023253774559954882, 
        "filter_outliers_dict": {
            "filter_outliers": true, 
            "iterations": 2, 
            "std_devs": 2
        }, 
        "fit": "Parabolic", 
        "value": 2.621700598968434
    }, 
    "Ar40": {
        "error": 0.023257278993444517, 
        "filter_outliers_dict": {
            "filter_outliers": true, 
            "iterations": 2, 
            "std_devs": 2
        }, 
        "fit": "Parabolic", 
        "value": 25.13488122286956
    }
}