{
    "AX": {
        "error": 0.011380551141760776, 
        "filter_outliers_dict": {
            "filter_outliers": true, 
            "iterations": 1, 
            "std_devs": 2
        }, 
        "fit": "average", 
        "value": -0.12773965498669682
    }, 
    "H1": {
        "error": 0.011848919873928575, 
        "filter_outliers_dict": {
            "filter_outliers": true, 
            "iterations": 1, 
            "std_devs": 2
        }, 
        "fit": "average", 
        "value": 0.07209381650060977
    }, 
    "H2": {
        "error": 0.00913301552567294, 
        "filter_outliers_dict": {
            "filter_outliers": true, 
            "iterations": 1, 
            "std_devs": 2
        }, 
        "fit": "average", 
        "value": -0.10683255400709832
    }, 
    "L1": {
        "error": 0.009085142042893091, 
        "filter_outliers_dict": {
            "filter_outliers": true, 
            "iterations": 1, 
            "std_devs": 2
        }, 
        "fit": "average", 
        "value": 0.032474705623272586
    }, 
    "L2(CDD)": {
        "error": 5.489784302532456e-06, 
        "filter_outliers_dict": {
            "filter_outliers": true, 
            "iterations": 1, 
            "std_devs": 2
        }, 
        "fit": "average", 
        "value": 2.6870984754928804e-05
    }
}