{
    "Ar36": {
        "error": 0.00022809157225081564, 
        "filter_outliers_dict": {
            "filter_outliers": true, 
            "iterations": 2, 
            "std_devs": 2
        }, 
        "fit": "Parabolic", 
        "value": 0.002963617199408467
    }, 
    "Ar37": {
        "error": 0.013051628940436578, 
        "filter_outliers_dict": {
            "filter_outliers": true, 
            "iterations": 2, 
            "std_devs": 2
        }, 
        "fit": "linear", 
        "value": 0.047681242784203465
    }, 
    "Ar38": {
        "error": 0.013307961145391919, 
        "filter_outliers_dict": {
            "filter_outliers": true, 
            "iterations": 2, 
            "std_devs": 2
        }, 
        "fit": "linear", 
        "value": -0.10441580014142282
    }, 
    "Ar39": {
        "error": 0.025711142999210908, 
        "filter_outliers_dict": {
            "filter_outliers": true, 
            "iterations": 2, 
            "std_devs": 2
        }, 
        "fit": "Parabolic", 
        "value": 0.04459451974012389
    }, 
    "Ar40": {
        "error": 0.022399279418893584, 
        "filter_outliers_dict": {
            "filter_outliers": true, 
            "iterations": 2, 
            "std_devs": 2
        }, 
        "fit": "Parabolic", 
        "value": 0.5073832215405567
    }
}